{
    "_allocate_inputs": true,
    "_allocate_outputs": true,
    "cli_parameters": "generate --model detect_remove_sig_per_channel.onnx --target stm32n6 --st-neural-art default@user_neuralart.json",
    "cli_version": {
        "extra": "A6-6",
        "major": 10,
        "micro": 0,
        "minor": 0
    },
    "cli_version_str": "10.0.0-A6-6",
    "code_size": 0,
    "compression": [],
    "date_time": "2024-07-17 16:59:58",
    "error": 0,
    "error_str": [],
    "exec_cmd": "generate",
    "exec_duration": 0.0,
    "hash": "",
    "inputs": [
        "Input_0_out_0"
    ],
    "layers": [
        {
            "c_id": [
                0,
                1,
                2,
                3,
                4,
                5,
                6,
                7,
                8,
                9,
                10,
                11,
                12,
                13,
                14,
                15,
                16,
                17,
                18,
                19,
                20,
                21,
                22,
                23,
                24,
                25,
                26,
                27,
                28,
                29,
                30,
                31,
                32,
                33,
                34,
                35
            ],
            "extras": {
                "n_macc": 0,
                "n_params": 0,
                "psize": 0,
                "rom_size": 377059
            },
            "id": 0,
            "inputs": [],
            "name": "input",
            "original": "",
            "type": "Input"
        },
        {
            "c_id": [],
            "extras": {
                "n_macc": 165888,
                "n_params": 0,
                "psize": 0,
                "rom_size": 0
            },
            "id": 7,
            "inputs": [
                "input"
            ],
            "name": "input_QuantizeLinear_Output",
            "original": "QuantizeLinear",
            "type": "Conversion"
        },
        {
            "c_id": [],
            "extras": {
                "n_macc": 165888,
                "n_params": 0,
                "psize": 0,
                "rom_size": 0
            },
            "id": 68,
            "inputs": [
                "input_QuantizeLinear_Output"
            ],
            "name": "input_DequantizeLinear_Output",
            "original": "DequantizeLinear",
            "type": "Conversion"
        },
        {
            "c_id": [],
            "extras": {
                "n_macc": 2986000,
                "n_params": 448,
                "psize": 1792,
                "rom_size": 0
            },
            "id": 69,
            "inputs": [
                "input_DequantizeLinear_Output"
            ],
            "name": "onnxConv_175",
            "original": "Conv",
            "type": "Conv2D"
        },
        {
            "c_id": [],
            "extras": {
                "n_macc": 221184,
                "n_params": 0,
                "psize": 0,
                "rom_size": 0
            },
            "id": 70,
            "inputs": [
                "onnxConv_175"
            ],
            "name": "onnxConv_175_QuantizeLinear_Output",
            "original": "QuantizeLinear",
            "type": "Conversion"
        },
        {
            "c_id": [],
            "extras": {
                "n_macc": 221184,
                "n_params": 0,
                "psize": 0,
                "rom_size": 0
            },
            "id": 71,
            "inputs": [
                "onnxConv_175_QuantizeLinear_Output"
            ],
            "name": "onnxConv_175_DequantizeLinear_Output",
            "original": "DequantizeLinear",
            "type": "Conversion"
        },
        {
            "c_id": [],
            "extras": {
                "n_macc": 995344,
                "n_params": 160,
                "psize": 640,
                "rom_size": 0
            },
            "id": 72,
            "inputs": [
                "onnxConv_175_DequantizeLinear_Output"
            ],
            "name": "onnxConv_178",
            "original": "Conv",
            "type": "Conv2D"
        },
        {
            "c_id": [],
            "extras": {
                "n_macc": 221184,
                "n_params": 0,
                "psize": 0,
                "rom_size": 0
            },
            "id": 73,
            "inputs": [
                "onnxConv_178"
            ],
            "name": "onnxConv_178_QuantizeLinear_Output",
            "original": "QuantizeLinear",
            "type": "Conversion"
        },
        {
            "c_id": [],
            "extras": {
                "n_macc": 221184,
                "n_params": 0,
                "psize": 0,
                "rom_size": 0
            },
            "id": 74,
            "inputs": [
                "onnxConv_178_QuantizeLinear_Output"
            ],
            "name": "onnxConv_178_DequantizeLinear_Output",
            "original": "DequantizeLinear",
            "type": "Conversion"
        },
        {
            "c_id": [],
            "extras": {
                "n_macc": 3538976,
                "n_params": 544,
                "psize": 2176,
                "rom_size": 0
            },
            "id": 75,
            "inputs": [
                "onnxConv_178_DequantizeLinear_Output"
            ],
            "name": "onnxConv_181",
            "original": "Conv",
            "type": "Conv2D"
        },
        {
            "c_id": [],
            "extras": {
                "n_macc": 442368,
                "n_params": 0,
                "psize": 0,
                "rom_size": 0
            },
            "id": 76,
            "inputs": [
                "onnxConv_181"
            ],
            "name": "onnxConv_181_QuantizeLinear_Output",
            "original": "QuantizeLinear",
            "type": "Conversion"
        },
        {
            "c_id": [],
            "extras": {
                "n_macc": 442368,
                "n_params": 0,
                "psize": 0,
                "rom_size": 0
            },
            "id": 77,
            "inputs": [
                "onnxConv_181_QuantizeLinear_Output"
            ],
            "name": "onnxConv_181_DequantizeLinear_Output",
            "original": "DequantizeLinear",
            "type": "Conversion"
        },
        {
            "c_id": [],
            "extras": {
                "n_macc": 497696,
                "n_params": 320,
                "psize": 1280,
                "rom_size": 0
            },
            "id": 78,
            "inputs": [
                "onnxConv_181_DequantizeLinear_Output"
            ],
            "name": "onnxConv_184",
            "original": "Conv",
            "type": "Conv2D"
        },
        {
            "c_id": [],
            "extras": {
                "n_macc": 110592,
                "n_params": 0,
                "psize": 0,
                "rom_size": 0
            },
            "id": 79,
            "inputs": [
                "onnxConv_184"
            ],
            "name": "onnxConv_184_QuantizeLinear_Output",
            "original": "QuantizeLinear",
            "type": "Conversion"
        },
        {
            "c_id": [],
            "extras": {
                "n_macc": 110592,
                "n_params": 0,
                "psize": 0,
                "rom_size": 0
            },
            "id": 80,
            "inputs": [
                "onnxConv_184_QuantizeLinear_Output"
            ],
            "name": "onnxConv_184_DequantizeLinear_Output",
            "original": "DequantizeLinear",
            "type": "Conversion"
        },
        {
            "c_id": [],
            "extras": {
                "n_macc": 1769504,
                "n_params": 1056,
                "psize": 4224,
                "rom_size": 0
            },
            "id": 81,
            "inputs": [
                "onnxConv_184_DequantizeLinear_Output"
            ],
            "name": "onnxConv_187",
            "original": "Conv",
            "type": "Conv2D"
        },
        {
            "c_id": [],
            "extras": {
                "n_macc": 110592,
                "n_params": 0,
                "psize": 0,
                "rom_size": 0
            },
            "id": 82,
            "inputs": [
                "onnxConv_187"
            ],
            "name": "onnxConv_187_QuantizeLinear_Output",
            "original": "QuantizeLinear",
            "type": "Conversion"
        },
        {
            "c_id": [],
            "extras": {
                "n_macc": 110592,
                "n_params": 0,
                "psize": 0,
                "rom_size": 0
            },
            "id": 83,
            "inputs": [
                "onnxConv_187_QuantizeLinear_Output"
            ],
            "name": "onnxConv_187_DequantizeLinear_Output",
            "original": "DequantizeLinear",
            "type": "Conversion"
        },
        {
            "c_id": [],
            "extras": {
                "n_macc": 497696,
                "n_params": 320,
                "psize": 1280,
                "rom_size": 0
            },
            "id": 84,
            "inputs": [
                "onnxConv_187_DequantizeLinear_Output"
            ],
            "name": "onnxConv_190",
            "original": "Conv",
            "type": "Conv2D"
        },
        {
            "c_id": [],
            "extras": {
                "n_macc": 110592,
                "n_params": 0,
                "psize": 0,
                "rom_size": 0
            },
            "id": 85,
            "inputs": [
                "onnxConv_190"
            ],
            "name": "onnxConv_190_QuantizeLinear_Output",
            "original": "QuantizeLinear",
            "type": "Conversion"
        },
        {
            "c_id": [],
            "extras": {
                "n_macc": 110592,
                "n_params": 0,
                "psize": 0,
                "rom_size": 0
            },
            "id": 86,
            "inputs": [
                "onnxConv_190_QuantizeLinear_Output"
            ],
            "name": "onnxConv_190_DequantizeLinear_Output",
            "original": "DequantizeLinear",
            "type": "Conversion"
        },
        {
            "c_id": [],
            "extras": {
                "n_macc": 1769504,
                "n_params": 1056,
                "psize": 4224,
                "rom_size": 0
            },
            "id": 87,
            "inputs": [
                "onnxConv_190_DequantizeLinear_Output"
            ],
            "name": "onnxConv_193",
            "original": "Conv",
            "type": "Conv2D"
        },
        {
            "c_id": [],
            "extras": {
                "n_macc": 110592,
                "n_params": 0,
                "psize": 0,
                "rom_size": 0
            },
            "id": 88,
            "inputs": [
                "onnxConv_193"
            ],
            "name": "onnxConv_193_QuantizeLinear_Output",
            "original": "QuantizeLinear",
            "type": "Conversion"
        },
        {
            "c_id": [],
            "extras": {
                "n_macc": 110592,
                "n_params": 0,
                "psize": 0,
                "rom_size": 0
            },
            "id": 89,
            "inputs": [
                "onnxConv_193_QuantizeLinear_Output"
            ],
            "name": "onnxConv_193_DequantizeLinear_Output",
            "original": "DequantizeLinear",
            "type": "Conversion"
        },
        {
            "c_id": [],
            "extras": {
                "n_macc": 124448,
                "n_params": 320,
                "psize": 1280,
                "rom_size": 0
            },
            "id": 90,
            "inputs": [
                "onnxConv_193_DequantizeLinear_Output"
            ],
            "name": "onnxConv_196",
            "original": "Conv",
            "type": "Conv2D"
        },
        {
            "c_id": [],
            "extras": {
                "n_macc": 27648,
                "n_params": 0,
                "psize": 0,
                "rom_size": 0
            },
            "id": 91,
            "inputs": [
                "onnxConv_196"
            ],
            "name": "onnxConv_196_QuantizeLinear_Output",
            "original": "QuantizeLinear",
            "type": "Conversion"
        },
        {
            "c_id": [],
            "extras": {
                "n_macc": 27648,
                "n_params": 0,
                "psize": 0,
                "rom_size": 0
            },
            "id": 92,
            "inputs": [
                "onnxConv_196_QuantizeLinear_Output"
            ],
            "name": "onnxConv_196_DequantizeLinear_Output",
            "original": "DequantizeLinear",
            "type": "Conversion"
        },
        {
            "c_id": [],
            "extras": {
                "n_macc": 884800,
                "n_params": 2112,
                "psize": 8448,
                "rom_size": 0
            },
            "id": 93,
            "inputs": [
                "onnxConv_196_DequantizeLinear_Output"
            ],
            "name": "onnxConv_199",
            "original": "Conv",
            "type": "Conv2D"
        },
        {
            "c_id": [],
            "extras": {
                "n_macc": 55296,
                "n_params": 0,
                "psize": 0,
                "rom_size": 0
            },
            "id": 94,
            "inputs": [
                "onnxConv_199"
            ],
            "name": "onnxConv_199_QuantizeLinear_Output",
            "original": "QuantizeLinear",
            "type": "Conversion"
        },
        {
            "c_id": [],
            "extras": {
                "n_macc": 55296,
                "n_params": 0,
                "psize": 0,
                "rom_size": 0
            },
            "id": 95,
            "inputs": [
                "onnxConv_199_QuantizeLinear_Output"
            ],
            "name": "onnxConv_199_DequantizeLinear_Output",
            "original": "DequantizeLinear",
            "type": "Conversion"
        },
        {
            "c_id": [],
            "extras": {
                "n_macc": 248896,
                "n_params": 640,
                "psize": 2560,
                "rom_size": 0
            },
            "id": 96,
            "inputs": [
                "onnxConv_199_DequantizeLinear_Output"
            ],
            "name": "onnxConv_202",
            "original": "Conv",
            "type": "Conv2D"
        },
        {
            "c_id": [],
            "extras": {
                "n_macc": 55296,
                "n_params": 0,
                "psize": 0,
                "rom_size": 0
            },
            "id": 97,
            "inputs": [
                "onnxConv_202"
            ],
            "name": "onnxConv_202_QuantizeLinear_Output",
            "original": "QuantizeLinear",
            "type": "Conversion"
        },
        {
            "c_id": [],
            "extras": {
                "n_macc": 55296,
                "n_params": 0,
                "psize": 0,
                "rom_size": 0
            },
            "id": 98,
            "inputs": [
                "onnxConv_202_QuantizeLinear_Output"
            ],
            "name": "onnxConv_202_DequantizeLinear_Output",
            "original": "DequantizeLinear",
            "type": "Conversion"
        },
        {
            "c_id": [],
            "extras": {
                "n_macc": 1769536,
                "n_params": 4160,
                "psize": 16640,
                "rom_size": 0
            },
            "id": 99,
            "inputs": [
                "onnxConv_202_DequantizeLinear_Output"
            ],
            "name": "onnxConv_205",
            "original": "Conv",
            "type": "Conv2D"
        },
        {
            "c_id": [],
            "extras": {
                "n_macc": 55296,
                "n_params": 0,
                "psize": 0,
                "rom_size": 0
            },
            "id": 100,
            "inputs": [
                "onnxConv_205"
            ],
            "name": "onnxConv_205_QuantizeLinear_Output",
            "original": "QuantizeLinear",
            "type": "Conversion"
        },
        {
            "c_id": [],
            "extras": {
                "n_macc": 55296,
                "n_params": 0,
                "psize": 0,
                "rom_size": 0
            },
            "id": 101,
            "inputs": [
                "onnxConv_205_QuantizeLinear_Output"
            ],
            "name": "onnxConv_205_DequantizeLinear_Output",
            "original": "DequantizeLinear",
            "type": "Conversion"
        },
        {
            "c_id": [],
            "extras": {
                "n_macc": 248896,
                "n_params": 640,
                "psize": 2560,
                "rom_size": 0
            },
            "id": 102,
            "inputs": [
                "onnxConv_205_DequantizeLinear_Output"
            ],
            "name": "onnxConv_208",
            "original": "Conv",
            "type": "Conv2D"
        },
        {
            "c_id": [],
            "extras": {
                "n_macc": 55296,
                "n_params": 0,
                "psize": 0,
                "rom_size": 0
            },
            "id": 103,
            "inputs": [
                "onnxConv_208"
            ],
            "name": "onnxConv_208_QuantizeLinear_Output",
            "original": "QuantizeLinear",
            "type": "Conversion"
        },
        {
            "c_id": [],
            "extras": {
                "n_macc": 55296,
                "n_params": 0,
                "psize": 0,
                "rom_size": 0
            },
            "id": 104,
            "inputs": [
                "onnxConv_208_QuantizeLinear_Output"
            ],
            "name": "onnxConv_208_DequantizeLinear_Output",
            "original": "DequantizeLinear",
            "type": "Conversion"
        },
        {
            "c_id": [],
            "extras": {
                "n_macc": 1769536,
                "n_params": 4160,
                "psize": 16640,
                "rom_size": 0
            },
            "id": 105,
            "inputs": [
                "onnxConv_208_DequantizeLinear_Output"
            ],
            "name": "onnxConv_211",
            "original": "Conv",
            "type": "Conv2D"
        },
        {
            "c_id": [],
            "extras": {
                "n_macc": 55296,
                "n_params": 0,
                "psize": 0,
                "rom_size": 0
            },
            "id": 106,
            "inputs": [
                "onnxConv_211"
            ],
            "name": "onnxConv_211_QuantizeLinear_Output",
            "original": "QuantizeLinear",
            "type": "Conversion"
        },
        {
            "c_id": [],
            "extras": {
                "n_macc": 55296,
                "n_params": 0,
                "psize": 0,
                "rom_size": 0
            },
            "id": 107,
            "inputs": [
                "onnxConv_211_QuantizeLinear_Output"
            ],
            "name": "onnxConv_211_DequantizeLinear_Output",
            "original": "DequantizeLinear",
            "type": "Conversion"
        },
        {
            "c_id": [],
            "extras": {
                "n_macc": 248896,
                "n_params": 640,
                "psize": 2560,
                "rom_size": 0
            },
            "id": 108,
            "inputs": [
                "onnxConv_211_DequantizeLinear_Output"
            ],
            "name": "onnxConv_214",
            "original": "Conv",
            "type": "Conv2D"
        },
        {
            "c_id": [],
            "extras": {
                "n_macc": 55296,
                "n_params": 0,
                "psize": 0,
                "rom_size": 0
            },
            "id": 109,
            "inputs": [
                "onnxConv_214"
            ],
            "name": "onnxConv_214_QuantizeLinear_Output",
            "original": "QuantizeLinear",
            "type": "Conversion"
        },
        {
            "c_id": [],
            "extras": {
                "n_macc": 55296,
                "n_params": 0,
                "psize": 0,
                "rom_size": 0
            },
            "id": 110,
            "inputs": [
                "onnxConv_214_QuantizeLinear_Output"
            ],
            "name": "onnxConv_214_DequantizeLinear_Output",
            "original": "DequantizeLinear",
            "type": "Conversion"
        },
        {
            "c_id": [],
            "extras": {
                "n_macc": 1769536,
                "n_params": 4160,
                "psize": 16640,
                "rom_size": 0
            },
            "id": 111,
            "inputs": [
                "onnxConv_214_DequantizeLinear_Output"
            ],
            "name": "onnxConv_217",
            "original": "Conv",
            "type": "Conv2D"
        },
        {
            "c_id": [],
            "extras": {
                "n_macc": 55296,
                "n_params": 0,
                "psize": 0,
                "rom_size": 0
            },
            "id": 112,
            "inputs": [
                "onnxConv_217"
            ],
            "name": "onnxConv_217_QuantizeLinear_Output",
            "original": "QuantizeLinear",
            "type": "Conversion"
        },
        {
            "c_id": [],
            "extras": {
                "n_macc": 55296,
                "n_params": 0,
                "psize": 0,
                "rom_size": 0
            },
            "id": 113,
            "inputs": [
                "onnxConv_217_QuantizeLinear_Output"
            ],
            "name": "onnxConv_217_DequantizeLinear_Output",
            "original": "DequantizeLinear",
            "type": "Conversion"
        },
        {
            "c_id": [],
            "extras": {
                "n_macc": 62272,
                "n_params": 640,
                "psize": 2560,
                "rom_size": 0
            },
            "id": 114,
            "inputs": [
                "onnxConv_217_DequantizeLinear_Output"
            ],
            "name": "onnxConv_220",
            "original": "Conv",
            "type": "Conv2D"
        },
        {
            "c_id": [],
            "extras": {
                "n_macc": 13824,
                "n_params": 0,
                "psize": 0,
                "rom_size": 0
            },
            "id": 115,
            "inputs": [
                "onnxConv_220"
            ],
            "name": "onnxConv_220_QuantizeLinear_Output",
            "original": "QuantizeLinear",
            "type": "Conversion"
        },
        {
            "c_id": [],
            "extras": {
                "n_macc": 13824,
                "n_params": 0,
                "psize": 0,
                "rom_size": 0
            },
            "id": 116,
            "inputs": [
                "onnxConv_220_QuantizeLinear_Output"
            ],
            "name": "onnxConv_220_DequantizeLinear_Output",
            "original": "DequantizeLinear",
            "type": "Conversion"
        },
        {
            "c_id": [],
            "extras": {
                "n_macc": 884864,
                "n_params": 8320,
                "psize": 33280,
                "rom_size": 0
            },
            "id": 117,
            "inputs": [
                "onnxConv_220_DequantizeLinear_Output"
            ],
            "name": "onnxConv_223",
            "original": "Conv",
            "type": "Conv2D"
        },
        {
            "c_id": [],
            "extras": {
                "n_macc": 27648,
                "n_params": 0,
                "psize": 0,
                "rom_size": 0
            },
            "id": 118,
            "inputs": [
                "onnxConv_223"
            ],
            "name": "onnxConv_223_QuantizeLinear_Output",
            "original": "QuantizeLinear",
            "type": "Conversion"
        },
        {
            "c_id": [],
            "extras": {
                "n_macc": 27648,
                "n_params": 0,
                "psize": 0,
                "rom_size": 0
            },
            "id": 119,
            "inputs": [
                "onnxConv_223_QuantizeLinear_Output"
            ],
            "name": "onnxConv_223_DequantizeLinear_Output",
            "original": "DequantizeLinear",
            "type": "Conversion"
        },
        {
            "c_id": [],
            "extras": {
                "n_macc": 124544,
                "n_params": 1280,
                "psize": 5120,
                "rom_size": 0
            },
            "id": 120,
            "inputs": [
                "onnxConv_223_DequantizeLinear_Output"
            ],
            "name": "onnxConv_226",
            "original": "Conv",
            "type": "Conv2D"
        },
        {
            "c_id": [],
            "extras": {
                "n_macc": 27648,
                "n_params": 0,
                "psize": 0,
                "rom_size": 0
            },
            "id": 121,
            "inputs": [
                "onnxConv_226"
            ],
            "name": "onnxConv_226_QuantizeLinear_Output",
            "original": "QuantizeLinear",
            "type": "Conversion"
        },
        {
            "c_id": [],
            "extras": {
                "n_macc": 27648,
                "n_params": 0,
                "psize": 0,
                "rom_size": 0
            },
            "id": 122,
            "inputs": [
                "onnxConv_226_QuantizeLinear_Output"
            ],
            "name": "onnxConv_226_DequantizeLinear_Output",
            "original": "DequantizeLinear",
            "type": "Conversion"
        },
        {
            "c_id": [],
            "extras": {
                "n_macc": 1769600,
                "n_params": 16512,
                "psize": 66048,
                "rom_size": 0
            },
            "id": 123,
            "inputs": [
                "onnxConv_226_DequantizeLinear_Output"
            ],
            "name": "onnxConv_229",
            "original": "Conv",
            "type": "Conv2D"
        },
        {
            "c_id": [],
            "extras": {
                "n_macc": 27648,
                "n_params": 0,
                "psize": 0,
                "rom_size": 0
            },
            "id": 124,
            "inputs": [
                "onnxConv_229"
            ],
            "name": "onnxConv_229_QuantizeLinear_Output",
            "original": "QuantizeLinear",
            "type": "Conversion"
        },
        {
            "c_id": [],
            "extras": {
                "n_macc": 27648,
                "n_params": 0,
                "psize": 0,
                "rom_size": 0
            },
            "id": 125,
            "inputs": [
                "onnxConv_229_QuantizeLinear_Output"
            ],
            "name": "onnxConv_229_DequantizeLinear_Output",
            "original": "DequantizeLinear",
            "type": "Conversion"
        },
        {
            "c_id": [],
            "extras": {
                "n_macc": 124544,
                "n_params": 1280,
                "psize": 5120,
                "rom_size": 0
            },
            "id": 126,
            "inputs": [
                "onnxConv_229_DequantizeLinear_Output"
            ],
            "name": "onnxConv_232",
            "original": "Conv",
            "type": "Conv2D"
        },
        {
            "c_id": [],
            "extras": {
                "n_macc": 27648,
                "n_params": 0,
                "psize": 0,
                "rom_size": 0
            },
            "id": 127,
            "inputs": [
                "onnxConv_232"
            ],
            "name": "onnxConv_232_QuantizeLinear_Output",
            "original": "QuantizeLinear",
            "type": "Conversion"
        },
        {
            "c_id": [],
            "extras": {
                "n_macc": 27648,
                "n_params": 0,
                "psize": 0,
                "rom_size": 0
            },
            "id": 128,
            "inputs": [
                "onnxConv_232_QuantizeLinear_Output"
            ],
            "name": "onnxConv_232_DequantizeLinear_Output",
            "original": "DequantizeLinear",
            "type": "Conversion"
        },
        {
            "c_id": [],
            "extras": {
                "n_macc": 1769600,
                "n_params": 16512,
                "psize": 66048,
                "rom_size": 0
            },
            "id": 129,
            "inputs": [
                "onnxConv_232_DequantizeLinear_Output"
            ],
            "name": "onnxConv_235",
            "original": "Conv",
            "type": "Conv2D"
        },
        {
            "c_id": [],
            "extras": {
                "n_macc": 27648,
                "n_params": 0,
                "psize": 0,
                "rom_size": 0
            },
            "id": 130,
            "inputs": [
                "onnxConv_235"
            ],
            "name": "onnxConv_235_QuantizeLinear_Output",
            "original": "QuantizeLinear",
            "type": "Conversion"
        },
        {
            "c_id": [],
            "extras": {
                "n_macc": 27648,
                "n_params": 0,
                "psize": 0,
                "rom_size": 0
            },
            "id": 131,
            "inputs": [
                "onnxConv_235_QuantizeLinear_Output"
            ],
            "name": "onnxConv_235_DequantizeLinear_Output",
            "original": "DequantizeLinear",
            "type": "Conversion"
        },
        {
            "c_id": [],
            "extras": {
                "n_macc": 34688,
                "n_params": 1280,
                "psize": 5120,
                "rom_size": 0
            },
            "id": 132,
            "inputs": [
                "onnxConv_235_DequantizeLinear_Output"
            ],
            "name": "onnxConv_268",
            "original": "Conv",
            "type": "Conv2D"
        },
        {
            "c_id": [],
            "extras": {
                "n_macc": 124544,
                "n_params": 1280,
                "psize": 5120,
                "rom_size": 0
            },
            "id": 133,
            "inputs": [
                "onnxConv_235_DequantizeLinear_Output"
            ],
            "name": "input_172",
            "original": "Conv",
            "type": "Conv2D"
        },
        {
            "c_id": [],
            "extras": {
                "n_macc": 124544,
                "n_params": 1280,
                "psize": 5120,
                "rom_size": 0
            },
            "id": 134,
            "inputs": [
                "onnxConv_235_DequantizeLinear_Output"
            ],
            "name": "input_180",
            "original": "Conv",
            "type": "Conv2D"
        },
        {
            "c_id": [],
            "extras": {
                "n_macc": 7680,
                "n_params": 0,
                "psize": 0,
                "rom_size": 0
            },
            "id": 135,
            "inputs": [
                "onnxConv_268"
            ],
            "name": "onnxConv_268_QuantizeLinear_Output",
            "original": "QuantizeLinear",
            "type": "Conversion"
        },
        {
            "c_id": [],
            "extras": {
                "n_macc": 27648,
                "n_params": 0,
                "psize": 0,
                "rom_size": 0
            },
            "id": 136,
            "inputs": [
                "input_172"
            ],
            "name": "input_172_QuantizeLinear_Output",
            "original": "QuantizeLinear",
            "type": "Conversion"
        },
        {
            "c_id": [],
            "extras": {
                "n_macc": 27648,
                "n_params": 0,
                "psize": 0,
                "rom_size": 0
            },
            "id": 137,
            "inputs": [
                "input_180"
            ],
            "name": "input_180_QuantizeLinear_Output",
            "original": "QuantizeLinear",
            "type": "Conversion"
        },
        {
            "c_id": [],
            "extras": {
                "n_macc": 7680,
                "n_params": 0,
                "psize": 0,
                "rom_size": 0
            },
            "id": 138,
            "inputs": [
                "onnxConv_268_QuantizeLinear_Output"
            ],
            "name": "onnxConv_268_DequantizeLinear_Output",
            "original": "DequantizeLinear",
            "type": "Conversion"
        },
        {
            "c_id": [],
            "extras": {
                "n_macc": 27648,
                "n_params": 0,
                "psize": 0,
                "rom_size": 0
            },
            "id": 139,
            "inputs": [
                "input_172_QuantizeLinear_Output"
            ],
            "name": "input_172_DequantizeLinear_Output",
            "original": "DequantizeLinear",
            "type": "Conversion"
        },
        {
            "c_id": [],
            "extras": {
                "n_macc": 27648,
                "n_params": 0,
                "psize": 0,
                "rom_size": 0
            },
            "id": 140,
            "inputs": [
                "input_180_QuantizeLinear_Output"
            ],
            "name": "input_180_DequantizeLinear_Output",
            "original": "DequantizeLinear",
            "type": "Conversion"
        },
        {
            "c_id": [],
            "extras": {
                "n_macc": 983296,
                "n_params": 33024,
                "psize": 132096,
                "rom_size": 0
            },
            "id": 141,
            "inputs": [
                "onnxConv_268_DequantizeLinear_Output"
            ],
            "name": "onnxConv_271",
            "original": "Conv",
            "type": "Conv2D"
        },
        {
            "c_id": [],
            "extras": {
                "n_macc": 82950,
                "n_params": 774,
                "psize": 3096,
                "rom_size": 0
            },
            "id": 142,
            "inputs": [
                "input_172_DequantizeLinear_Output"
            ],
            "name": "onnxTranspose_238",
            "original": "Conv",
            "type": "Conv2D"
        },
        {
            "c_id": [],
            "extras": {
                "n_macc": 165900,
                "n_params": 1548,
                "psize": 6192,
                "rom_size": 0
            },
            "id": 143,
            "inputs": [
                "input_180_DequantizeLinear_Output"
            ],
            "name": "onnxTranspose_253",
            "original": "Conv",
            "type": "Conv2D"
        },
        {
            "c_id": [],
            "extras": {
                "n_macc": 15360,
                "n_params": 0,
                "psize": 0,
                "rom_size": 0
            },
            "id": 144,
            "inputs": [
                "onnxConv_271"
            ],
            "name": "onnxConv_271_QuantizeLinear_Output",
            "original": "QuantizeLinear",
            "type": "Conversion"
        },
        {
            "c_id": [],
            "extras": {
                "n_macc": 1296,
                "n_params": 0,
                "psize": 0,
                "rom_size": 0
            },
            "id": 145,
            "inputs": [
                "onnxTranspose_238"
            ],
            "name": "onnxTranspose_238_QuantizeLinear_Output",
            "original": "QuantizeLinear",
            "type": "Conversion"
        },
        {
            "c_id": [],
            "extras": {
                "n_macc": 2592,
                "n_params": 0,
                "psize": 0,
                "rom_size": 0
            },
            "id": 146,
            "inputs": [
                "onnxTranspose_253"
            ],
            "name": "onnxTranspose_253_QuantizeLinear_Output",
            "original": "QuantizeLinear",
            "type": "Conversion"
        },
        {
            "c_id": [],
            "extras": {
                "n_macc": 15360,
                "n_params": 0,
                "psize": 0,
                "rom_size": 0
            },
            "id": 147,
            "inputs": [
                "onnxConv_271_QuantizeLinear_Output"
            ],
            "name": "onnxConv_271_DequantizeLinear_Output",
            "original": "DequantizeLinear",
            "type": "Conversion"
        },
        {
            "c_id": [],
            "extras": {
                "n_macc": 1296,
                "n_params": 0,
                "psize": 0,
                "rom_size": 0
            },
            "id": 148,
            "inputs": [
                "onnxTranspose_238_QuantizeLinear_Output"
            ],
            "name": "onnxTranspose_238_DequantizeLinear_Output",
            "original": "DequantizeLinear",
            "type": "Conversion"
        },
        {
            "c_id": [],
            "extras": {
                "n_macc": 2592,
                "n_params": 0,
                "psize": 0,
                "rom_size": 0
            },
            "id": 149,
            "inputs": [
                "onnxTranspose_253_QuantizeLinear_Output"
            ],
            "name": "onnxTranspose_253_DequantizeLinear_Output",
            "original": "DequantizeLinear",
            "type": "Conversion"
        },
        {
            "c_id": [],
            "extras": {
                "n_macc": 69376,
                "n_params": 2560,
                "psize": 10240,
                "rom_size": 0
            },
            "id": 150,
            "inputs": [
                "onnxConv_271_DequantizeLinear_Output"
            ],
            "name": "onnxConv_274",
            "original": "Conv",
            "type": "Conv2D"
        },
        {
            "c_id": [],
            "extras": {
                "n_macc": 324,
                "n_params": 0,
                "psize": 0,
                "rom_size": 0
            },
            "id": 151,
            "inputs": [
                "onnxTranspose_238_DequantizeLinear_Output"
            ],
            "name": "onnxReshape_239",
            "original": "Transpose",
            "type": "Transpose"
        },
        {
            "c_id": [],
            "extras": {
                "n_macc": 648,
                "n_params": 0,
                "psize": 0,
                "rom_size": 0
            },
            "id": 152,
            "inputs": [
                "onnxTranspose_253_DequantizeLinear_Output"
            ],
            "name": "onnxReshape_254",
            "original": "Transpose",
            "type": "Transpose"
        },
        {
            "c_id": [],
            "extras": {
                "n_macc": 15360,
                "n_params": 0,
                "psize": 0,
                "rom_size": 0
            },
            "id": 153,
            "inputs": [
                "onnxConv_274"
            ],
            "name": "onnxConv_274_QuantizeLinear_Output",
            "original": "QuantizeLinear",
            "type": "Conversion"
        },
        {
            "c_id": [],
            "extras": {
                "n_macc": 1296,
                "n_params": 0,
                "psize": 0,
                "rom_size": 0
            },
            "id": 154,
            "inputs": [
                "onnxReshape_239"
            ],
            "name": "onnxReshape_239_QuantizeLinear_Output",
            "original": "QuantizeLinear",
            "type": "Conversion"
        },
        {
            "c_id": [],
            "extras": {
                "n_macc": 2592,
                "n_params": 0,
                "psize": 0,
                "rom_size": 0
            },
            "id": 155,
            "inputs": [
                "onnxReshape_254"
            ],
            "name": "onnxReshape_254_QuantizeLinear_Output",
            "original": "QuantizeLinear",
            "type": "Conversion"
        },
        {
            "c_id": [],
            "extras": {
                "n_macc": 15360,
                "n_params": 0,
                "psize": 0,
                "rom_size": 0
            },
            "id": 156,
            "inputs": [
                "onnxConv_274_QuantizeLinear_Output"
            ],
            "name": "onnxConv_274_DequantizeLinear_Output",
            "original": "DequantizeLinear",
            "type": "Conversion"
        },
        {
            "c_id": [],
            "extras": {
                "n_macc": 1296,
                "n_params": 0,
                "psize": 0,
                "rom_size": 0
            },
            "id": 157,
            "inputs": [
                "onnxReshape_239_QuantizeLinear_Output"
            ],
            "name": "onnxReshape_239_DequantizeLinear_Output",
            "original": "DequantizeLinear",
            "type": "Conversion"
        },
        {
            "c_id": [],
            "extras": {
                "n_macc": 2592,
                "n_params": 0,
                "psize": 0,
                "rom_size": 0
            },
            "id": 158,
            "inputs": [
                "onnxReshape_254_QuantizeLinear_Output"
            ],
            "name": "onnxReshape_254_DequantizeLinear_Output",
            "original": "DequantizeLinear",
            "type": "Conversion"
        },
        {
            "c_id": [],
            "extras": {
                "n_macc": 1966336,
                "n_params": 65792,
                "psize": 263168,
                "rom_size": 0
            },
            "id": 159,
            "inputs": [
                "onnxConv_274_DequantizeLinear_Output"
            ],
            "name": "onnxConv_277",
            "original": "Conv",
            "type": "Conv2D"
        },
        {
            "c_id": [],
            "extras": {
                "n_macc": 0,
                "n_params": 0,
                "psize": 0,
                "rom_size": 0
            },
            "id": 160,
            "inputs": [
                "onnxReshape_239_DequantizeLinear_Output"
            ],
            "name": "onnxConcat_250",
            "original": "Reshape",
            "type": "Reshape"
        },
        {
            "c_id": [],
            "extras": {
                "n_macc": 0,
                "n_params": 0,
                "psize": 0,
                "rom_size": 0
            },
            "id": 161,
            "inputs": [
                "onnxReshape_254_DequantizeLinear_Output"
            ],
            "name": "onnxConcat_265",
            "original": "Reshape",
            "type": "Reshape"
        },
        {
            "c_id": [],
            "extras": {
                "n_macc": 15360,
                "n_params": 0,
                "psize": 0,
                "rom_size": 0
            },
            "id": 162,
            "inputs": [
                "onnxConv_277"
            ],
            "name": "onnxConv_277_QuantizeLinear_Output",
            "original": "QuantizeLinear",
            "type": "Conversion"
        },
        {
            "c_id": [],
            "extras": {
                "n_macc": 1296,
                "n_params": 0,
                "psize": 0,
                "rom_size": 0
            },
            "id": 163,
            "inputs": [
                "onnxConcat_250"
            ],
            "name": "onnxConcat_250_QuantizeLinear_Output",
            "original": "QuantizeLinear",
            "type": "Conversion"
        },
        {
            "c_id": [],
            "extras": {
                "n_macc": 2592,
                "n_params": 0,
                "psize": 0,
                "rom_size": 0
            },
            "id": 164,
            "inputs": [
                "onnxConcat_265"
            ],
            "name": "onnxConcat_265_QuantizeLinear_Output",
            "original": "QuantizeLinear",
            "type": "Conversion"
        },
        {
            "c_id": [],
            "extras": {
                "n_macc": 15360,
                "n_params": 0,
                "psize": 0,
                "rom_size": 0
            },
            "id": 165,
            "inputs": [
                "onnxConv_277_QuantizeLinear_Output"
            ],
            "name": "onnxConv_277_DequantizeLinear_Output",
            "original": "DequantizeLinear",
            "type": "Conversion"
        },
        {
            "c_id": [],
            "extras": {
                "n_macc": 1296,
                "n_params": 0,
                "psize": 0,
                "rom_size": 0
            },
            "id": 166,
            "inputs": [
                "onnxConcat_250_QuantizeLinear_Output"
            ],
            "name": "onnxConcat_250_DequantizeLinear_Output",
            "original": "DequantizeLinear",
            "type": "Conversion"
        },
        {
            "c_id": [],
            "extras": {
                "n_macc": 2592,
                "n_params": 0,
                "psize": 0,
                "rom_size": 0
            },
            "id": 167,
            "inputs": [
                "onnxConcat_265_QuantizeLinear_Output"
            ],
            "name": "onnxConcat_265_DequantizeLinear_Output",
            "original": "DequantizeLinear",
            "type": "Conversion"
        },
        {
            "c_id": [],
            "extras": {
                "n_macc": 69376,
                "n_params": 2560,
                "psize": 10240,
                "rom_size": 0
            },
            "id": 168,
            "inputs": [
                "onnxConv_277_DequantizeLinear_Output"
            ],
            "name": "input_220",
            "original": "Conv",
            "type": "Conv2D"
        },
        {
            "c_id": [],
            "extras": {
                "n_macc": 69376,
                "n_params": 2560,
                "psize": 10240,
                "rom_size": 0
            },
            "id": 169,
            "inputs": [
                "onnxConv_277_DequantizeLinear_Output"
            ],
            "name": "input_228",
            "original": "Conv",
            "type": "Conv2D"
        },
        {
            "c_id": [],
            "extras": {
                "n_macc": 15360,
                "n_params": 0,
                "psize": 0,
                "rom_size": 0
            },
            "id": 170,
            "inputs": [
                "input_220"
            ],
            "name": "input_220_QuantizeLinear_Output",
            "original": "QuantizeLinear",
            "type": "Conversion"
        },
        {
            "c_id": [],
            "extras": {
                "n_macc": 15360,
                "n_params": 0,
                "psize": 0,
                "rom_size": 0
            },
            "id": 171,
            "inputs": [
                "input_228"
            ],
            "name": "input_228_QuantizeLinear_Output",
            "original": "QuantizeLinear",
            "type": "Conversion"
        },
        {
            "c_id": [],
            "extras": {
                "n_macc": 15360,
                "n_params": 0,
                "psize": 0,
                "rom_size": 0
            },
            "id": 172,
            "inputs": [
                "input_220_QuantizeLinear_Output"
            ],
            "name": "input_220_DequantizeLinear_Output",
            "original": "DequantizeLinear",
            "type": "Conversion"
        },
        {
            "c_id": [],
            "extras": {
                "n_macc": 15360,
                "n_params": 0,
                "psize": 0,
                "rom_size": 0
            },
            "id": 173,
            "inputs": [
                "input_228_QuantizeLinear_Output"
            ],
            "name": "input_228_DequantizeLinear_Output",
            "original": "DequantizeLinear",
            "type": "Conversion"
        },
        {
            "c_id": [],
            "extras": {
                "n_macc": 30724,
                "n_params": 1028,
                "psize": 4112,
                "rom_size": 0
            },
            "id": 174,
            "inputs": [
                "input_220_DequantizeLinear_Output"
            ],
            "name": "onnxTranspose_280",
            "original": "Conv",
            "type": "Conv2D"
        },
        {
            "c_id": [],
            "extras": {
                "n_macc": 61448,
                "n_params": 2056,
                "psize": 8224,
                "rom_size": 0
            },
            "id": 175,
            "inputs": [
                "input_228_DequantizeLinear_Output"
            ],
            "name": "onnxTranspose_295",
            "original": "Conv",
            "type": "Conv2D"
        },
        {
            "c_id": [],
            "extras": {
                "n_macc": 240,
                "n_params": 0,
                "psize": 0,
                "rom_size": 0
            },
            "id": 176,
            "inputs": [
                "onnxTranspose_280"
            ],
            "name": "onnxTranspose_280_QuantizeLinear_Output",
            "original": "QuantizeLinear",
            "type": "Conversion"
        },
        {
            "c_id": [],
            "extras": {
                "n_macc": 480,
                "n_params": 0,
                "psize": 0,
                "rom_size": 0
            },
            "id": 177,
            "inputs": [
                "onnxTranspose_295"
            ],
            "name": "onnxTranspose_295_QuantizeLinear_Output",
            "original": "QuantizeLinear",
            "type": "Conversion"
        },
        {
            "c_id": [],
            "extras": {
                "n_macc": 240,
                "n_params": 0,
                "psize": 0,
                "rom_size": 0
            },
            "id": 178,
            "inputs": [
                "onnxTranspose_280_QuantizeLinear_Output"
            ],
            "name": "onnxTranspose_280_DequantizeLinear_Output",
            "original": "DequantizeLinear",
            "type": "Conversion"
        },
        {
            "c_id": [],
            "extras": {
                "n_macc": 480,
                "n_params": 0,
                "psize": 0,
                "rom_size": 0
            },
            "id": 179,
            "inputs": [
                "onnxTranspose_295_QuantizeLinear_Output"
            ],
            "name": "onnxTranspose_295_DequantizeLinear_Output",
            "original": "DequantizeLinear",
            "type": "Conversion"
        },
        {
            "c_id": [],
            "extras": {
                "n_macc": 60,
                "n_params": 0,
                "psize": 0,
                "rom_size": 0
            },
            "id": 180,
            "inputs": [
                "onnxTranspose_280_DequantizeLinear_Output"
            ],
            "name": "onnxReshape_281",
            "original": "Transpose",
            "type": "Transpose"
        },
        {
            "c_id": [],
            "extras": {
                "n_macc": 120,
                "n_params": 0,
                "psize": 0,
                "rom_size": 0
            },
            "id": 181,
            "inputs": [
                "onnxTranspose_295_DequantizeLinear_Output"
            ],
            "name": "onnxReshape_296",
            "original": "Transpose",
            "type": "Transpose"
        },
        {
            "c_id": [],
            "extras": {
                "n_macc": 240,
                "n_params": 0,
                "psize": 0,
                "rom_size": 0
            },
            "id": 182,
            "inputs": [
                "onnxReshape_281"
            ],
            "name": "onnxReshape_281_QuantizeLinear_Output",
            "original": "QuantizeLinear",
            "type": "Conversion"
        },
        {
            "c_id": [],
            "extras": {
                "n_macc": 480,
                "n_params": 0,
                "psize": 0,
                "rom_size": 0
            },
            "id": 183,
            "inputs": [
                "onnxReshape_296"
            ],
            "name": "onnxReshape_296_QuantizeLinear_Output",
            "original": "QuantizeLinear",
            "type": "Conversion"
        },
        {
            "c_id": [],
            "extras": {
                "n_macc": 240,
                "n_params": 0,
                "psize": 0,
                "rom_size": 0
            },
            "id": 184,
            "inputs": [
                "onnxReshape_281_QuantizeLinear_Output"
            ],
            "name": "onnxReshape_281_DequantizeLinear_Output",
            "original": "DequantizeLinear",
            "type": "Conversion"
        },
        {
            "c_id": [],
            "extras": {
                "n_macc": 480,
                "n_params": 0,
                "psize": 0,
                "rom_size": 0
            },
            "id": 185,
            "inputs": [
                "onnxReshape_296_QuantizeLinear_Output"
            ],
            "name": "onnxReshape_296_DequantizeLinear_Output",
            "original": "DequantizeLinear",
            "type": "Conversion"
        },
        {
            "c_id": [],
            "extras": {
                "n_macc": 0,
                "n_params": 0,
                "psize": 0,
                "rom_size": 0
            },
            "id": 186,
            "inputs": [
                "onnxReshape_281_DequantizeLinear_Output"
            ],
            "name": "onnxConcat_292",
            "original": "Reshape",
            "type": "Reshape"
        },
        {
            "c_id": [],
            "extras": {
                "n_macc": 0,
                "n_params": 0,
                "psize": 0,
                "rom_size": 0
            },
            "id": 187,
            "inputs": [
                "onnxReshape_296_DequantizeLinear_Output"
            ],
            "name": "onnxConcat_307",
            "original": "Reshape",
            "type": "Reshape"
        },
        {
            "c_id": [],
            "extras": {
                "n_macc": 240,
                "n_params": 0,
                "psize": 0,
                "rom_size": 0
            },
            "id": 188,
            "inputs": [
                "onnxConcat_292"
            ],
            "name": "onnxConcat_292_QuantizeLinear_Output",
            "original": "QuantizeLinear",
            "type": "Conversion"
        },
        {
            "c_id": [],
            "extras": {
                "n_macc": 480,
                "n_params": 0,
                "psize": 0,
                "rom_size": 0
            },
            "id": 189,
            "inputs": [
                "onnxConcat_307"
            ],
            "name": "onnxConcat_307_QuantizeLinear_Output",
            "original": "QuantizeLinear",
            "type": "Conversion"
        },
        {
            "c_id": [],
            "extras": {
                "n_macc": 240,
                "n_params": 0,
                "psize": 0,
                "rom_size": 0
            },
            "id": 190,
            "inputs": [
                "onnxConcat_292_QuantizeLinear_Output"
            ],
            "name": "onnxConcat_292_DequantizeLinear_Output",
            "original": "DequantizeLinear",
            "type": "Conversion"
        },
        {
            "c_id": [],
            "extras": {
                "n_macc": 480,
                "n_params": 0,
                "psize": 0,
                "rom_size": 0
            },
            "id": 191,
            "inputs": [
                "onnxConcat_307_QuantizeLinear_Output"
            ],
            "name": "onnxConcat_307_DequantizeLinear_Output",
            "original": "DequantizeLinear",
            "type": "Conversion"
        },
        {
            "c_id": [],
            "extras": {
                "n_macc": 0,
                "n_params": 0,
                "psize": 0,
                "rom_size": 0
            },
            "id": 192,
            "inputs": [
                "onnxConcat_250_DequantizeLinear_Output",
                "onnxConcat_292_DequantizeLinear_Output"
            ],
            "name": "confidences_QuantizeLinear_Input",
            "original": "Concat",
            "type": "Concat"
        },
        {
            "c_id": [],
            "extras": {
                "n_macc": 0,
                "n_params": 0,
                "psize": 0,
                "rom_size": 0
            },
            "id": 193,
            "inputs": [
                "onnxConcat_265_DequantizeLinear_Output",
                "onnxConcat_307_DequantizeLinear_Output"
            ],
            "name": "boxes_QuantizeLinear_Input",
            "original": "Concat",
            "type": "Concat"
        },
        {
            "c_id": [],
            "extras": {
                "n_macc": 1536,
                "n_params": 0,
                "psize": 0,
                "rom_size": 0
            },
            "id": 194,
            "inputs": [
                "confidences_QuantizeLinear_Input"
            ],
            "name": "confidences_QuantizeLinear_Output",
            "original": "QuantizeLinear",
            "type": "Conversion"
        },
        {
            "c_id": [],
            "extras": {
                "n_macc": 3072,
                "n_params": 0,
                "psize": 0,
                "rom_size": 0
            },
            "id": 195,
            "inputs": [
                "boxes_QuantizeLinear_Input"
            ],
            "name": "boxes_QuantizeLinear_Output",
            "original": "QuantizeLinear",
            "type": "Conversion"
        },
        {
            "c_id": [],
            "extras": {
                "n_macc": 1536,
                "n_params": 0,
                "psize": 0,
                "rom_size": 0
            },
            "id": 196,
            "inputs": [
                "confidences_QuantizeLinear_Output"
            ],
            "name": "confidences",
            "original": "DequantizeLinear",
            "type": "Conversion"
        },
        {
            "c_id": [],
            "extras": {
                "n_macc": 3072,
                "n_params": 0,
                "psize": 0,
                "rom_size": 0
            },
            "id": 197,
            "inputs": [
                "boxes_QuantizeLinear_Output"
            ],
            "name": "boxes",
            "original": "DequantizeLinear",
            "type": "Conversion"
        }
    ],
    "model_files": [
        "C:\\st_example_v1\\Bas_App-v0.4.0\\Bas_App-v0.4.0\\Model\\detect_remove_sig_per_channel.onnx"
    ],
    "model_n_params": 181022,
    "model_name": "",
    "model_size": 724088,
    "model_type": "onnx",
    "name": "network",
    "outputs": [
        "Quantize_130_out_0",
        "Quantize_119_out_0"
    ],
    "ram_io_size": [
        0,
        0
    ],
    "ram_size": 331776,
    "report_version": 1.1,
    "rom_cfact": 1.0,
    "rom_heap_inspector": 2048,
    "rom_inputs": [
        {
            "c_size": 82944,
            "c_type": "s8",
            "name": "Input_0_out_0"
        }
    ],
    "rom_n_macc": 0,
    "rom_outputs": [
        {
            "c_size": 1536,
            "c_type": "s8",
            "name": "Quantize_130_out_0"
        },
        {
            "c_size": 768,
            "c_type": "s8",
            "name": "Quantize_119_out_0"
        }
    ],
    "rom_size": 309057,
    "strategy": "",
    "tools_api_version": "Internal Build atonn-v0.4.0-555-g75c6ebb6 (SHA:75c6ebb67e299992f38da7d9517d44b877b4b06c on date 12/05/2024) Based on Version atonn.0.4.0",
    "tools_version": "Internal Build atonn-v0.4.0-555-g75c6ebb6 (SHA:75c6ebb67e299992f38da7d9517d44b877b4b06c on date 12/05/2024) Based on Version atonn.0.4.0",
    "val_error": -1.0,
    "val_error_desc": "None (None) #-1",
    "val_metrics": []
}